"","(Intercept)","age","sexM","raceWhite","marital_statusDivorced/Widowed","marital_statusSingle","edutot","emp_statusUnemployed/Retired","thous","onsetage","morethan3epi","chronicTRUE","baseline_hrsd","treatmentBUP","treatmentCIT+BUP","treatmentCIT+BUS","treatmentVEN","age:treatmentBUP","age:treatmentCIT+BUP","age:treatmentCIT+BUS","age:treatmentVEN","sexM:treatmentBUP","sexM:treatmentCIT+BUP","sexM:treatmentCIT+BUS","sexM:treatmentVEN","marital_statusDivorced/Widowed:treatmentBUP","marital_statusSingle:treatmentBUP","marital_statusDivorced/Widowed:treatmentCIT+BUP","marital_statusSingle:treatmentCIT+BUP","marital_statusDivorced/Widowed:treatmentCIT+BUS","marital_statusSingle:treatmentCIT+BUS","marital_statusDivorced/Widowed:treatmentVEN","marital_statusSingle:treatmentVEN","edutot:treatmentBUP","edutot:treatmentCIT+BUP","edutot:treatmentCIT+BUS","edutot:treatmentVEN","emp_statusUnemployed/Retired:treatmentBUP","emp_statusUnemployed/Retired:treatmentCIT+BUP","emp_statusUnemployed/Retired:treatmentCIT+BUS","emp_statusUnemployed/Retired:treatmentVEN","thous:treatmentBUP","thous:treatmentCIT+BUP","thous:treatmentCIT+BUS","thous:treatmentVEN","onsetage:treatmentBUP","onsetage:treatmentCIT+BUP","onsetage:treatmentCIT+BUS","onsetage:treatmentVEN","morethan3epi:treatmentBUP","morethan3epi:treatmentCIT+BUP","morethan3epi:treatmentCIT+BUS","morethan3epi:treatmentVEN","chronicTRUE:treatmentBUP","chronicTRUE:treatmentCIT+BUP","chronicTRUE:treatmentCIT+BUS","chronicTRUE:treatmentVEN","baseline_hrsd:treatmentBUP","baseline_hrsd:treatmentCIT+BUP","baseline_hrsd:treatmentCIT+BUS","baseline_hrsd:treatmentVEN"
"(Intercept)",7.27814178177374,0.0593390397593601,-1.25251193382354,-1.04487549014869,-2.25210736913101,-3.40071497062793,0.0675997614062619,-2.42789526219133,-0.0935338677919236,-0.177965809420151,-3.20995133350793,-1.68539755538121,-0.0539692588850241,-6.36340202035026,-6.27597252111537,-6.26757073849894,-6.24934854675946,-0.0608045090372584,-0.0552663837024064,-0.0544418509008639,-0.0536386471512562,1.24584576810931,1.38548092454318,1.22501538724385,1.12394046768398,2.22276278810363,3.2986028076246,2.13770400066224,3.25710838027728,2.27356668065706,3.41694626535838,2.10409013303335,3.33073839097802,-0.0789408147601134,-0.0643986529838955,-0.0817138525560359,-0.0623427787674998,2.42700648046795,2.3602594575509,2.30252401036897,2.11276698436363,0.117986193013407,0.118750684837728,0.140110210007701,0.0656887800821416,0.175722563560716,0.174414110325969,0.173605185550689,0.169363187531138,3.29522795462552,3.24282723074261,3.13413526587866,3.23293911363354,1.75869736679108,1.70162301148164,1.63882752201649,1.73285009145033,0.0463150390307462,0.0360811739074174,0.054463952011737,0.0371691757059874
"age",0.0593390397593601,0.0100621224526729,-0.032386635357677,0.00556599675180289,-0.00977214196164255,0.118190130619866,0.0058936898587963,-0.0506381217724094,0.0422527383870972,-0.00352763603233462,-0.068819299430716,-0.0498342703826828,0.000217953423576505,-0.0642118103323434,-0.0646775426739871,-0.06472229852786,-0.0648193671843545,-0.0100543159749465,-0.0100838172771739,-0.0100882095200185,-0.0100924881441259,0.0324221456716448,0.0316783165413071,0.0325331080143632,0.0330715287920187,0.00992845900058288,-0.11764618450097,0.0103815626852562,-0.117425145870041,0.00965782933839126,-0.118276593872759,0.010560621989261,-0.11781736906243,-0.00583327666437773,-0.00591074199491112,-0.00581850483796372,-0.00592169352867611,0.0506428562658798,0.0509984141445472,0.0513059678334874,0.0523167935254817,-0.0423829946368035,-0.042387067044522,-0.0425008481111055,-0.0421044090701521,0.00353958568498208,0.00354655574650917,0.00355086484621923,0.00357346174644379,0.0683650353575127,0.0686441712561669,0.0692231676333273,0.068696844735667,0.0494438061445401,0.0497478382318639,0.0500823464997736,0.0495814932201257,-0.000177179797198849,-0.000122664536220979,-0.00022058862783039,-0.000128460264548333
"sexM",-1.25251193382354,-0.032386635357677,4.18830223365652,0.112044713142919,-0.0530812866038333,-1.24770167659467,-0.0301554919757929,-0.877709396705199,-0.26333070962522,0.0511632918840899,-0.119187789467906,-0.809297636506071,0.116785074636777,1.15442201293302,1.14504672060934,1.14414577563358,1.14219176267649,0.0325437814352814,0.0319499138689126,0.0318614970746661,0.031775367450066,-4.18758740338989,-4.20256084395272,-4.18535370753739,-4.17451518134474,0.056227982257539,1.25865142909626,0.0653490569970721,1.26310098433322,0.0507801488827841,1.24596115269573,0.0689535593436319,1.25520544701279,0.0313716225882452,0.0298122288039557,0.0316689826347845,0.0295917720710672,0.877804703078239,0.884962159738285,0.891153281722356,0.911501420563856,0.260708623270483,0.260626644826196,0.25833620745533,0.266316610715155,-0.0509227428031717,-0.0507824339637641,-0.0506956908587196,-0.0502408103913963,0.110043355857393,0.115662421603787,0.127317743351633,0.116722750088335,0.801437507313378,0.807557738698603,0.814291462161474,0.804209177793144,-0.115964292757988,-0.114866888815702,-0.116838121865848,-0.114983558074929
"raceWhite",-1.04487549014869,0.00556599675180289,0.112044713142919,1.29350257113727,-0.230346138326777,-0.160943624001013,0.00299669539244374,-0.0919773519597468,-0.0953720784579549,-0.00817046642517936,-0.0713736411223918,-0.000414415337167328,0.0134550697307923,-0.0875256853773902,-0.195758946775318,-0.206159925187528,-0.228718069281263,-0.0037518205205139,-0.01060773725648,-0.0116284668159709,-0.0126227920968871,-0.103792339944122,-0.276653542614941,-0.0780053907226408,0.0471202051601597,0.266673233148825,0.28735327437037,0.371971674245954,0.338721259329026,0.203780605021147,0.140850108874418,0.413583928159238,0.247571061001834,0.0110429502982829,-0.00695950437194272,0.0144758296726244,-0.00950457180812689,0.0930776184079607,0.175707028871666,0.247180568139927,0.482090089267973,0.0651013468325322,0.064154944940923,0.0377129420552971,0.129842877022691,0.0109474904000254,0.0125672887772632,0.0135686963962054,0.0188200736146225,-0.0341944669569725,0.030674956922754,0.165230066444437,0.0429159416380418,-0.0903270131071388,-0.0196718718632386,0.0580657417039495,-0.0583294043725386,-0.00397953589455563,0.0086894672302224,-0.0140674745937259,0.00734257648857802
"marital_statusDivorced/Widowed",-2.25210736913101,-0.00977214196164255,-0.0530812866038333,-0.230346138326777,6.48083851694946,3.21940474677168,-0.0889014543847779,-0.174060171819156,0.58583542613006,0.0571160447364464,0.173425752380476,0.187777657784479,0.077756772460837,2.45376467050753,2.473038782796,2.47489098260257,2.47890812295912,0.00944907457975541,0.0106699719943088,0.0108517428833282,0.0110288117147402,0.0516117090855573,0.082394725208006,0.047019585107656,0.0247372963356351,-6.48730762354083,-3.24191569917298,-6.50605910484421,-3.25106327818277,-6.47610774319911,-3.21582650601817,-6.51346938929967,-3.23483130720654,0.0864012829583756,0.0896071489583507,0.0857899579213284,0.090060372994228,0.173864237050157,0.15914964270977,0.146421679016187,0.104589136696264,-0.580444832953186,-0.580276298289318,-0.575567522759809,-0.591973964631337,-0.0576105754493499,-0.0578990281431369,-0.0580773581929266,-0.059012520201995,-0.154626248947589,-0.166178155854925,-0.190139646587181,-0.168358022846608,-0.171618480296318,-0.184200704175591,-0.19804417034837,-0.177316594681384,-0.0794441696693657,-0.0817002579148469,-0.0776477157813862,-0.0814604044441166
"marital_statusSingle",-3.40071497062793,0.118190130619866,-1.24770167659467,-0.160943624001013,3.21940474677168,9.35427782421253,0.0155804092173972,1.33823727704167,1.70784361462862,0.107324049310055,0.587632757241424,-0.119353256407739,0.00853129445629307,3.54161360746013,3.55508049474394,3.55637463299782,3.55918142251816,-0.118415858889569,-0.117562813746902,-0.117435809813478,-0.117312091223567,1.24667487782452,1.26818307504639,1.24346634530805,1.22789763496606,-3.22392473337284,-9.37000630260379,-3.23702645662409,-9.37639774692043,-3.21609933919141,-9.35177769532563,-3.24220404737427,-9.3650564140352,-0.0173272874282147,-0.0150873380379383,-0.0177544222941152,-0.0147706688749628,-1.33837417732582,-1.3486553140362,-1.35754838521108,-1.38677692366651,-1.70407718898892,-1.70395943325066,-1.70066939590152,-1.71213263218994,-0.107669579587631,-0.107871122457974,-0.10799572226542,-0.108649123116248,-0.574497480766261,-0.582568837096755,-0.599310811513732,-0.584091917518378,0.130643728237271,0.121852485962356,0.11218000944173,0.126662436491873,-0.0097102845789082,-0.0112866210477173,-0.00845509618642039,-0.0111190346184898
"edutot",0.0675997614062619,0.0058936898587963,-0.0301554919757929,0.00299669539244374,-0.0889014543847779,0.0155804092173972,0.107595508691373,0.0706158022754173,0.0251513369076523,-0.00888996117285846,-0.0069038110349064,-0.149325602915427,0.00552563043864235,-0.0702232284644785,-0.0704739756396115,-0.0704980718917414,-0.0705503330066211,-0.00588948690344493,-0.00590537020708271,-0.00590773496122863,-0.00591003854380697,0.0301746104911275,0.0297741378665383,0.0302343518736662,0.0305242340161724,0.0889856144321594,-0.0152875522681533,0.0892295624229154,-0.0151685465488918,0.088839909233627,-0.015626960453971,0.0893259667535703,-0.0153797168901362,-0.107562982631903,-0.10760468944731,-0.107555029579444,-0.10761058567978,-0.0706132532558256,-0.0704218232740519,-0.0702562384266878,-0.0697120166405756,-0.0252214660005601,-0.0252236585576151,-0.0252849175222144,-0.025071477396324,0.00889639478585302,0.00890014742032168,0.0089024674107605,0.00891463343057798,0.00665923829873309,0.00680952319803547,0.00712125097170257,0.00683788224680243,0.149115379583375,0.149279068424002,0.149459165436249,0.149189509383194,-0.00550367819113885,-0.00547432753955301,-0.00552704921497262,-0.0054774479208879
"emp_statusUnemployed/Retired",-2.42789526219133,-0.0506381217724094,-0.877709396705199,-0.0919773519597468,-0.174060171819156,1.33823727704167,0.0706158022754173,4.72666269916996,-0.0632057453521743,0.0182502167109154,0.944390982510178,0.249991409587718,-0.0922537519448355,2.50841714425409,2.51611330891543,2.5168528934153,2.51845693998248,0.0505091207719741,0.0509966258459503,0.051069207071565,0.0511399107627413,0.877122593515824,0.889414270419302,0.875288955641855,0.866391624296339,0.17147705365559,-1.34722591391226,0.1639895758618,-1.35087854772794,0.175949172630884,-1.33680848335069,0.161030644809456,-1.34439711192734,-0.0716141222338781,-0.070334018006573,-0.0718582246898717,-0.0701530453757,-4.7267409360414,-4.73261648243615,-4.73769876601546,-4.75440252539376,0.0653582124588631,0.0654255084517911,0.0673057253606711,0.0607546232263521,-0.0184476831228381,-0.0185628624574379,-0.0186340697538731,-0.019007480508107,-0.936884329451111,-0.94149701284637,-0.951064850547364,-0.942367435050868,-0.243539040270808,-0.248563129854363,-0.254090834246396,-0.245814300781398,0.0915799732217708,0.090679115824663,0.0922972983427143,0.0907748894601855
"thous",-0.0935338677919236,0.0422527383870972,-0.26333070962522,-0.0953720784579549,0.58583542613006,1.70784361462862,0.0251513369076523,-0.0632057453521743,0.881762505163884,0.00362565114619954,0.152531946095488,-0.0331212990471027,-0.0304846016141303,0.177027674582893,0.185007891497905,0.185774772794704,0.187438021972851,-0.0423865005934721,-0.0418810025423404,-0.0418057424680241,-0.0417324292247262,0.262722248535353,0.275467590176972,0.260820934228587,0.251595217624761,-0.588513882760011,-1.71716400668805,-0.59627771053268,-1.72095145296068,-0.58387670553434,-1.70636208661012,-0.599345850661338,-1.71423079846776,-0.0261865031455986,-0.0248591524641577,-0.0264396150050814,-0.0246715004434963,0.0631246208918411,0.0570322181448175,0.0517623561848467,0.0344420896624174,-0.879530594183591,-0.879460814410845,-0.877511201916781,-0.884304094008453,-0.00383040570511457,-0.00394983611164569,-0.00402367154740998,-0.00441086425290796,-0.144748235331349,-0.149531164968929,-0.159452135169196,-0.150433712965911,0.0398118142622117,0.0346022941386877,0.0288705716468285,0.037452577783834,0.0297859548726198,0.0288518483722066,0.0305297552349572,0.0289511568485504
"onsetage",-0.177965809420151,-0.00352763603233462,0.0511632918840899,-0.00817046642517936,0.0571160447364464,0.107324049310055,-0.00888996117285846,0.0182502167109154,0.00362565114619954,0.0269016834922784,0.122006907062802,0.0360070639869611,0.000576294610571073,0.185118671726667,0.185802331928101,0.18586803017007,0.186010519688873,0.00351617670761594,0.00355948241009767,0.00356592989368301,0.00357221059347033,-0.0512154183658251,-0.0501235329037063,-0.0513783027755845,-0.0521686641578522,-0.0573455064438994,-0.108122521479503,-0.0580106287225907,-0.108446989637355,-0.0569482423657486,-0.107197127729558,-0.0582734743721169,-0.107871235362335,0.00880127912745935,0.00891499243173559,0.00877959519246329,0.00893106846320336,-0.0182571665927901,-0.0187790989329263,-0.0192305647173094,-0.020714381138056,-0.00343444472579503,-0.00342846673622422,-0.00326144465090936,-0.0038433874759192,-0.026919224687522,-0.0269294562158947,-0.0269357816515846,-0.0269689522089584,-0.121340081420644,-0.121749832016937,-0.122599755340797,-0.121827152740419,-0.0354338917250576,-0.0358801880619808,-0.0363712211498129,-0.0356360060413996,-0.000636147240783907,-0.000716171561555435,-0.000572426328062122,-0.000707663866380679
"morethan3epi",-3.20995133350793,-0.068819299430716,-0.119187789467906,-0.0713736411223918,0.173425752380476,0.587632757241424,-0.0069038110349064,0.944390982510178,0.152531946095488,0.122006907062802,4.65599445635866,1.30351072082396,-0.0791150688992921,3.27243562763463,3.27840778581111,3.27898169707892,3.28022642354245,0.0687191957539594,0.0690974955359594,0.0691538179483673,0.0692086834100546,0.118732435194755,0.128270671699816,0.117309547834153,0.110405294549278,-0.17543023005737,-0.594607862835485,-0.18124044900344,-0.597442275542059,-0.171959903852079,-0.586524025516003,-0.183536554278659,-0.592412736607383,0.0061291232566407,0.00712247322565152,0.00593970183147454,0.00726290644462962,-0.944451693655534,-0.949011067575761,-0.952954876312836,-0.965916851210566,-0.150861649967939,-0.150809428851046,-0.149350396556385,-0.154433995972204,-0.122160139315286,-0.122249517497168,-0.122304773752243,-0.122594537314643,-4.65016935757018,-4.65374876056722,-4.66117332106866,-4.65442420077859,-1.29850373723288,-1.30240238792528,-1.30669183941634,-1.30026931999518,0.0785922223533621,0.0778931646919526,0.0791488605328643,0.0779674842167612
"chronicTRUE",-1.68539755538121,-0.0498342703826828,-0.809297636506071,-0.000414415337167328,0.187777657784479,-0.119353256407739,-0.149325602915427,0.249991409587718,-0.0331212990471027,0.0360070639869611,1.30351072082396,5.49206250519045,-0.041880557095839,1.68576035668167,1.68579503270359,1.68579836499305,1.68580559222328,0.0498336891527176,0.0498358856671342,0.0498362126908249,0.0498365312550517,0.809294992591712,0.809350374262524,0.809286730909442,0.809246642882436,-0.187789296342907,0.119312756992393,-0.187823032100332,0.119296299598891,-0.187769146657645,0.119359694014461,-0.187836363930217,0.119325502509671,0.149321104861358,0.149326872529308,0.149320005027546,0.149327687923883,-0.249991762093621,-0.250018235094727,-0.25004113395209,-0.250116394806279,0.0331309972539193,0.0331313004643402,0.0331397720142124,0.0331102552131527,-0.0360079536963074,-0.0360084726510474,-0.0360087934843301,-0.0360104759326756,-1.30347689867001,-1.30349768168565,-1.30354079076199,-1.30350160348057,-5.49203343324232,-5.49205606989942,-5.49208097565536,-5.49204368471,0.0418775213024534,0.0418734623780117,0.0418807532995214,0.0418738938979742
"baseline_hrsd",-0.0539692588850241,0.000217953423576505,0.116785074636777,0.0134550697307923,0.077756772460837,0.00853129445629307,0.00552563043864235,-0.0922537519448355,-0.0304846016141303,0.000576294610571073,-0.0791150688992921,-0.041880557095839,0.0438991621947342,0.0421899728442248,0.0410641257745746,0.0409559343469519,0.0407212835557194,-0.00019908228389684,-0.000270397826524498,-0.000281015499581893,-0.000291358514190722,-0.116699233093581,-0.118497342805601,-0.11643099613166,-0.115129434267558,-0.0773788964481763,-0.00721637580184513,-0.0762835775063209,-0.00668204379897855,-0.0780331082881006,-0.00874030807033441,-0.0758507250400391,-0.00763019210717225,-0.00537958943649864,-0.00556685174916675,-0.0053438804766637,-0.00559332565079435,0.0922651969640521,0.0931247116680899,0.0938681825171006,0.0963117215233096,0.0301697241535745,0.0301598796401355,0.0298848287816474,0.0308431683527776,-0.000547407886988626,-0.00053055867415993,-0.00052014198876442,-0.000465516935646541,0.0780169448698154,0.078691719424713,0.080091367497818,0.0788190506775401,0.0409366608296598,0.0416716186669986,0.0424802486879908,0.041269501340648,-0.0438005972816463,-0.0436688137627982,-0.0439055324566247,-0.0436828241785894
"treatmentBUP",-6.36340202035026,-0.0642118103323434,1.15442201293302,-0.0875256853773902,2.45376467050753,3.54161360746013,-0.0702232284644785,2.50841714425409,0.177027674582893,0.185118671726667,3.27243562763463,1.68576035668167,0.0421899728442248,12.3113458157175,6.44735034934282,6.44805413825243,6.44958054961543,0.165050342706598,0.0645529629539254,0.0646220312776171,0.0646893129387766,-2.60927730908974,-1.14328365036599,-1.15672530562922,-1.16519200974119,-5.1992387606164,-5.21643631114208,-2.46334785369933,-3.55364304576514,-2.45196709657001,-3.54025396680511,-2.46616357368716,-3.54747530883219,-0.15852110103203,0.0704913744888383,0.06904093879168,0.0706635881176754,-3.70619714994679,-2.51408276682158,-2.51891906993407,-2.53481437412378,-0.273504188125424,-0.174915347118253,-0.173126131946241,-0.179360163390574,-0.237495602477044,-0.185416185545686,-0.185483946437813,-0.185839284262781,-6.83033000727463,-3.26968172493044,-3.27878648316185,-3.27051001905278,-5.54494047850361,-1.68440120510893,-1.68966137084721,-1.68178541824978,-0.158178160090535,-0.0436883972139371,-0.0421485340743663,-0.0435972589835838
"treatmentCIT+BUP",-6.27597252111537,-0.0646775426739871,1.14504672060934,-0.195758946775318,2.473038782796,3.55508049474394,-0.0704739756396115,2.51611330891543,0.185007891497905,0.185802331928101,3.27840778581111,1.68579503270359,0.0410641257745746,6.44735034934282,9.69159309015746,6.46530447974419,6.46871843393922,0.0644029848677435,0.0834623531018426,0.0655950381479812,0.0657455195417469,-1.14629563647688,-1.99003857076797,-1.15019823870805,-1.16913477228069,-2.4785365328434,-3.57421135738829,-4.31534125309901,-5.27810722914998,-2.46901834948842,-3.55203953800681,-2.50077002782592,-3.56819070898512,0.0683492127556082,0.0527380527374377,0.0678296800807431,0.0714588790030115,-2.51627982346738,-3.38489609455775,-2.53960179576773,-2.57515305130415,-0.18042671270991,-0.297005690211753,-0.176281745863548,-0.190224709285599,-0.186222607311094,-0.239834058303148,-0.186619301168951,-0.187414045683833,-3.26243108648959,-4.82362002230421,-3.29261203664069,-3.27410099168251,-1.67206220614607,-2.39170070373919,-1.6945199963655,-1.67690473087311,-0.0424981550260856,-0.103474509604269,-0.0409714442958957,-0.0442116458569892
"treatmentCIT+BUS",-6.26757073849894,-0.06472229852786,1.14414577563358,-0.206159925187528,2.47489098260257,3.55637463299782,-0.0704980718917414,2.5168528934153,0.185774772794704,0.18586803017007,3.27898169707892,1.68579836499305,0.0409559343469519,6.44805413825243,6.46530447974419,9.20199195926665,6.47055754253796,0.0644331530367995,0.0655258569192013,0.06941884511541,0.0658470186736629,-1.14546104835065,-1.11791023136301,-1.88613493119039,-1.16951366309049,-2.4806808366917,-3.5765219482368,-2.49746342315371,-3.58470903666818,-3.79312420675599,-4.84111040622645,-2.50409563196804,-3.57018141338604,0.0682604170390612,0.0711296689376036,0.0407716520149049,0.0715353047082242,-2.51702825514531,-2.53019782547288,-3.39223295773465,-2.57902950947525,-0.180950188826709,-0.180799350206419,-0.255193442876366,-0.191268768254653,-0.18631063544019,-0.186568800765657,-0.194210012935501,-0.18756537679345,-3.26215613078361,-3.27249509405466,-4.31705459205015,-3.27444607625557,-1.67133589192426,-1.68259698947286,-2.36426567640025,-1.67643570754898,-0.0424661558110444,-0.0444853560775799,-0.0493138527471029,-0.0442706870844684
"treatmentVEN",-6.24934854675946,-0.0648193671843545,1.14219176267649,-0.228718069281263,2.47890812295912,3.55918142251816,-0.0705503330066211,2.51845693998248,0.187438021972851,0.186010519688873,3.28022642354245,1.68580559222328,0.0407212835557194,6.44958054961543,6.46871843393922,6.47055754253796,12.9310235981887,0.064498583218234,0.0657108514224048,0.065891337568559,0.122774997586758,-1.14365095333226,-1.11308550923442,-1.14821062052597,-2.8854375043046,-2.48533150639546,-3.58153326921421,-2.50395045365034,-3.59061619382894,-2.47421078595905,-3.55562847249906,-6.25315781509828,-6.8657004721436,0.0680678326023483,0.0712510397844393,0.0674608283643247,0.0433521559798857,-2.51865148989939,-2.53326208260234,-2.54590008601331,-4.40767008294504,-0.182085529099945,-0.181918185626308,-0.177242691365317,-0.242570108741442,-0.186501555096184,-0.186787969028195,-0.186965038654711,-0.188917469300447,-3.26155979357483,-3.27303005247978,-3.29682218521181,-6.60575540835948,-1.66976062657675,-1.68225392025136,-1.69599954185457,-4.64882134473752,-0.0423967543686826,-0.0446368967534555,-0.0406129976806125,0.0435243016794074
"age:treatmentBUP",-0.0608045090372584,-0.0100543159749465,0.0325437814352814,-0.0037518205205139,0.00944907457975541,-0.118415858889569,-0.00588948690344493,0.0505091207719741,-0.0423865005934721,0.00351617670761594,0.0687191957539594,0.0498336891527176,-0.00019908228389684,0.165050342706598,0.0644029848677435,0.0644331530367995,0.064498583218234,0.0190346430152979,0.0100689396068639,0.0100719002458241,0.0100747842988413,-0.0705009408505035,-0.0320663314494434,-0.0326425129192463,-0.0330054412881184,-0.0622121582423058,0.171123222570966,-0.00985986123279101,0.117900212616268,-0.00937202091537286,0.118474140383602,-0.00998055810005674,0.118164594916052,0.000426510550029897,0.00590098108086668,0.00583880762413999,0.0059083630810623,-0.0545380768551729,-0.050751979755809,-0.0509592896578408,-0.0516406476864201,0.0629940406103352,0.0424770462829313,0.0425537416457728,0.0422865176075087,-0.00592540535628497,-0.00352892974629843,-0.00353183434172636,-0.00354706602757581,-0.149369250267982,-0.0686011487071694,-0.0689914274992707,-0.0686366538377125,-0.161845031890305,-0.0497754286233758,-0.0500009075519107,-0.0496633019628056,-0.00299204236602197,0.000134851775166917,0.000200858571925082,0.000138758448749303
"age:treatmentCIT+BUP",-0.0552663837024064,-0.0100838172771739,0.0319499138689126,-0.01060773725648,0.0106699719943088,-0.117562813746902,-0.00590537020708271,0.0509966258459503,-0.0418810025423404,0.00355948241009767,0.0690974955359594,0.0498358856671342,-0.000270397826524498,0.0645529629539254,0.0834623531018426,0.0655258569192013,0.0657108514224048,0.0100689396068639,0.0163870305655319,0.010133534294365,0.0101416885428085,-0.0320175898121914,-0.0371556310871023,-0.0322290630539857,-0.0332551912386543,-0.010967882710346,0.116526155306694,-0.0355366571428567,0.195381179336702,-0.0104521137513704,0.117727596356368,-0.0121726658221933,0.116852400709146,0.00579023408289986,0.00638419005683835,0.00576208177516676,0.00595873990626661,-0.051005648895193,-0.0635425336885314,-0.0522694141459786,-0.0541958567637006,0.0421292463222979,0.0553082726315093,0.0423538527577498,0.0415983149139158,-0.00358225618831616,-0.00494936753094388,-0.00360375213669927,-0.00364681755536222,-0.0682317541156042,-0.0834438666364576,-0.069867191957029,-0.0688641200438732,-0.0490917346675977,-0.0792107639158426,-0.0503086718341139,-0.049354140196482,0.00019269100510604,-0.000142470776677925,0.000275420027504644,9.9840788934449e-05
"age:treatmentCIT+BUS",-0.0544418509008639,-0.0100882095200185,0.0318614970746661,-0.0116284668159709,0.0108517428833282,-0.117435809813478,-0.00590773496122863,0.051069207071565,-0.0418057424680241,0.00356592989368301,0.0691538179483673,0.0498362126908249,-0.000281015499581893,0.0646220312776171,0.0655950381479812,0.06941884511541,0.065891337568559,0.0100719002458241,0.010133534294365,0.0147054368463475,0.0101516494484179,-0.0319356851358548,-0.03038167913395,-0.0361028649083381,-0.0332923747644775,-0.0111783200591952,0.116299398910757,-0.0121249431702688,0.115837605543025,-0.00492863799933604,0.17597419945018,-0.0124990334307486,0.116657037278352,0.00578151986304057,0.00594336024234084,0.00568695011889663,0.00596624015992775,-0.0510790983637568,-0.0518219290152302,-0.0609799110787124,-0.0545762839970386,0.0420778735066907,0.0420863815709471,0.0481583838260561,0.0414958532214355,-0.00359089507880072,-0.00360545691431505,-0.00397672427210611,-0.00366166886364632,-0.0682047705564117,-0.0687879405939427,-0.0774815344142347,-0.0688979858986315,-0.0490204557584126,-0.0496556388524902,-0.0764629248461476,-0.0493081112603525,0.000195831338964873,8.1938188912313e-05,-0.0017884955202342,9.40466103746662e-05
"age:treatmentVEN",-0.0536386471512562,-0.0100924881441259,0.031775367450066,-0.0126227920968871,0.0110288117147402,-0.117312091223567,-0.00591003854380697,0.0511399107627413,-0.0417324292247262,0.00357221059347033,0.0692086834100546,0.0498365312550517,-0.000291358514190722,0.0646893129387766,0.0657455195417469,0.0658470186736629,0.122774997586758,0.0100747842988413,0.0101416885428085,0.0101516494484179,0.0178025393553333,-0.031855899173403,-0.030169013448071,-0.032107544053049,-0.0736515373350217,-0.0113833138051531,0.116078508259562,-0.0124108806301087,0.115577227930448,-0.0107695689336725,0.11750817607844,-0.0710048253482557,0.170909730789428,0.00577303106301613,0.00594871006637218,0.00573953091883172,0.00183416717325965,-0.0511506478381341,-0.0519569963469389,-0.052654479016663,-0.0872036419473492,0.0420278296054092,0.0420370651760098,0.0422951024714109,0.0651670082514179,-0.00359931049807411,-0.00361511748494138,-0.00362488983519425,-0.00350041256826429,-0.0681784850091532,-0.0688115206670249,-0.0701245920214736,-0.102362476237404,-0.0489510206952854,-0.0496405169347197,-0.0503991282866122,-0.0589065935828023,0.00019889043852492,7.5258529252193e-05,0.000297334736763773,0.00251861141215866
"sexM:treatmentBUP",1.24584576810931,0.0324221456716448,-4.18758740338989,-0.103792339944122,0.0516117090855573,1.24667487782452,0.0301746104911275,0.877122593515824,0.262722248535353,-0.0512154183658251,0.118732435194755,0.809294992591712,-0.116699233093581,-2.60927730908974,-1.14629563647688,-1.14546104835065,-1.14365095333226,-0.0705009408505035,-0.0320175898121914,-0.0319356851358548,-0.031855899173403,8.00233823691569,4.20079583139583,4.1848560435898,4.17481580194408,0.00311480944324483,-1.70334931565029,-0.062975927523845,-1.2609399880548,-0.0494800559097693,-1.2450625478615,-0.0663149492624821,-1.25362597679433,0.0472783888658685,-0.0298566295099437,-0.0315766287798434,-0.0296524099665037,-0.947520797108061,-0.883841172421942,-0.88957630279607,-0.908425750348077,-0.130052784683344,-0.260217344868071,-0.258095603934928,-0.26548823054622,0.0485609592965085,0.0508626115833539,0.0507822573248258,0.0503608799409761,-0.141702036992345,-0.115466719486116,-0.12626359765267,-0.116448952127296,0.362838476915964,-0.807683242606949,-0.813921010504633,-0.804581311582505,0.0713791384017478,0.114922326453077,0.11674837326163,0.115030402729726
"sexM:treatmentCIT+BUP",1.38548092454318,0.0316783165413071,-4.20256084395272,-0.276653542614941,0.082394725208006,1.26818307504639,0.0297741378665383,0.889414270419302,0.275467590176972,-0.0501235329037063,0.128270671699816,0.809350374262524,-0.118497342805601,-1.14328365036599,-1.99003857076797,-1.11791023136301,-1.11308550923442,-0.0320663314494434,-0.0371556310871023,-0.03038167913395,-0.030169013448071,4.20079583139583,7.61426802362585,4.19528053439176,4.16851874810296,-0.090164342137793,-1.29521949412722,0.230441627789959,-1.47842580607506,-0.076712905113906,-1.26388548626118,-0.121585512168339,-1.28671089854569,-0.0327769287415368,-0.0572389481067151,-0.0335111508926735,-0.0283822372198197,-0.889649594737562,-0.916562982337243,-0.922609039830335,-0.97285134522979,-0.268993304521432,-0.200567521863912,-0.263135489177831,-0.282840183593092,0.0495295847062225,0.0953018232375707,0.048968962763176,0.0478458013999905,-0.105691828998611,-0.0554285674854303,-0.148344626821289,-0.122184156255093,-0.789942652777297,-1.05512585614642,-0.821680804855945,-0.796786281857868,0.11647072139606,0.117833685305219,0.118628323584941,0.114049154890843
"sexM:treatmentCIT+BUS",1.22501538724385,0.0325331080143632,-4.18535370753739,-0.0780053907226408,0.047019585107656,1.24346634530805,0.0302343518736662,0.875288955641855,0.260820934228587,-0.0513783027755845,0.117309547834153,0.809286730909442,-0.11643099613166,-1.15672530562922,-1.15019823870805,-1.88613493119039,-1.14821062052597,-0.0326425129192463,-0.0322290630539857,-0.0361028649083381,-0.032107544053049,4.1848560435898,4.19528053439176,6.36922078493218,4.17575517876859,-0.0492103107301991,-1.25108954945793,-0.0555603916836843,-1.25418732431106,-0.330531177738382,-1.7720943183264,-0.0580698417596146,-1.24869046099311,-0.0310810205020477,-0.0299953724779521,-0.0212375496560956,-0.0298418907731577,-0.875355307820899,-0.880338320295883,-0.553449573019253,-0.898814920861126,-0.258995440951194,-0.258938367659665,-0.263411643949457,-0.262899714874689,0.0512108328029402,0.0511131499624668,0.0366020699890475,0.0507360723012187,-0.110943204463579,-0.114855191087031,-0.367010269634809,-0.115593390466649,-0.803814518686235,-0.808075416207641,-0.978705030871013,-0.805744152246478,0.115859568802721,0.115095557535278,0.128875612551433,0.115176782529265
"sexM:treatmentVEN",1.12394046768398,0.0330715287920187,-4.17451518134474,0.0471202051601597,0.0247372963356351,1.22789763496606,0.0305242340161724,0.866391624296339,0.251595217624761,-0.0521686641578522,0.110405294549278,0.809246642882436,-0.115129434267558,-1.16519200974119,-1.16913477228069,-1.16951366309049,-2.8854375043046,-0.0330054412881184,-0.0332551912386543,-0.0332923747644775,-0.0736515373350217,4.17481580194408,4.16851874810296,4.17575517876859,8.81547365243659,-0.0234139590658991,-1.22329273599443,-0.019578107280014,-1.22142148344037,-0.0257050357182092,-1.22862960920119,1.35444308754838,-0.396308539296791,-0.030012792446527,-0.0306685927335736,-0.0298877382069617,-0.0168825164581275,-0.866351543370391,-0.863341487681138,-0.860737822323996,-0.799292908817174,-0.252697931385341,-0.252732407274521,-0.253695646643826,-0.0376133325588045,0.0522698266467019,0.0523288332799755,0.0523653129387766,0.0491671407555056,-0.114250969866875,-0.111887881744717,-0.106986256879422,-0.55867901609938,-0.812552206257593,-0.809978353815918,-0.807146498370339,-1.05887637305224,0.115474612629262,0.115936123908586,0.115107125349565,0.0271593011928009
"marital_statusDivorced/Widowed:treatmentBUP",2.22276278810363,0.00992845900058288,0.056227982257539,0.266673233148825,-6.48730762354083,-3.22392473337284,0.0889856144321594,0.17147705365559,-0.588513882760011,-0.0573455064438994,-0.17543023005737,-0.187789296342907,-0.0773788964481763,-5.1992387606164,-2.4785365328434,-2.4806808366917,-2.48533150639546,-0.0622121582423058,-0.010967882710346,-0.0111783200591952,-0.0113833138051531,0.00311480944324483,-0.090164342137793,-0.0492103107301991,-0.0234139590658991,12.0708097064091,5.24279997298509,6.5165056633459,3.26057602255643,6.48183077578265,3.21978218061439,6.52508459819865,3.24178416343497,0.0798026613485586,-0.0898026016624087,-0.0853834145955721,-0.0903273020974413,-0.575112549005538,-0.154215036439053,-0.13947978950058,-0.0910499812462586,1.02654953658418,0.582078044045515,0.57662666377169,0.595620508991451,-0.00248975604995934,0.0582519714625045,0.0584584253292395,0.0595410685126144,1.18077041518308,0.167039640086702,0.194780014859434,0.169563286381488,1.17950035851502,0.18364823372022,0.199674905185596,0.175678455066642,0.0941772980074848,0.0819442953888102,0.0772526408160355,0.081666615454663
"marital_statusSingle:treatmentBUP",3.2986028076246,-0.11764618450097,1.25865142909626,0.28735327437037,-3.24191569917298,-9.37000630260379,-0.0152875522681533,-1.34722591391226,-1.71716400668805,-0.108122521479503,-0.594607862835485,0.119312756992393,-0.00721637580184513,-5.21643631114208,-3.57421135738829,-3.5765219482368,-3.58153326921421,0.171123222570966,0.116526155306694,0.116299398910757,0.116078508259562,-1.70334931565029,-1.29521949412722,-1.25108954945793,-1.22329273599443,5.24279997298509,15.4633541883585,3.27337799572262,9.40949983494089,3.23601413148296,9.36554250214906,3.28262221191726,9.3892507001241,-0.0420057723888074,0.0144072091120036,0.0191690963802392,0.013841819079079,0.71181479192471,1.36582657026925,1.38170450974758,1.43388996463814,2.46378908462076,1.71022907997608,1.70435495472915,1.72482173931167,0.0888542497845041,0.109099281269462,0.109321745271238,0.110488345533455,0.494324964060687,0.585566597338,0.615458189490248,0.588285947973973,-0.012227251010757,-0.123774951753944,-0.106505440043092,-0.132362772755217,0.105865449575064,0.0121358134180908,0.00708032926700924,0.0118365998923765
"marital_statusDivorced/Widowed:treatmentCIT+BUP",2.13770400066224,0.0103815626852562,0.0653490569970721,0.371971674245954,-6.50605910484421,-3.23702645662409,0.0892295624229154,0.1639895758618,-0.59627771053268,-0.0580106287225907,-0.18124044900344,-0.187823032100332,-0.0762835775063209,-2.46334785369933,-4.31534125309901,-2.49746342315371,-2.50395045365034,-0.00985986123279101,-0.0355366571428567,-0.0121249431702688,-0.0124108806301087,-0.062975927523845,0.230441627789959,-0.0555603916836843,-0.019578107280014,6.5165056633459,3.27337799572262,11.3914447569685,5.0981476059074,6.4984196720967,3.23124817784065,6.55875267421933,3.26193785107807,-0.0851921908475283,-0.110629956523023,-0.084205000008599,-0.0911010281162548,-0.163673172970928,-0.177904854424673,-0.119357890189819,-0.0518051154060164,0.587572776368182,1.03148313710692,0.579696711018767,0.606190455154011,0.0588092156604093,0.0873854456819049,0.0595629941257163,0.0610731291804263,0.150882298362323,-0.0985220373089343,0.208230678821914,0.173056887286143,0.161728579862623,-0.375635833860253,0.204401785687423,0.1709301109291,0.079008450470694,0.120207791706954,0.0761074686471158,0.0822643427998853
"marital_statusSingle:treatmentCIT+BUP",3.25710838027728,-0.117425145870041,1.26310098433322,0.338721259329026,-3.25106327818277,-9.37639774692043,-0.0151685465488918,-1.35087854772794,-1.72095145296068,-0.108446989637355,-0.597442275542059,0.119296299598891,-0.00668204379897855,-3.55364304576514,-5.27810722914998,-3.58470903666818,-3.59061619382894,0.117900212616268,0.195381179336702,0.115837605543025,0.115577227930448,-1.2609399880548,-1.47842580607506,-1.25418732431106,-1.22142148344037,3.26057602255643,9.40949983494089,5.0981476059074,14.4617737264837,3.24410673159614,9.37113598641072,3.29904658823848,9.39908232073429,0.0188450189232107,0.00997837548327188,0.0197439651261387,0.0134643705045089,1.35116666747757,0.7592314182943,1.39152062298121,1.45303487938884,1.71302464974764,2.11102347837327,1.70585262306276,1.72997810088583,0.109174191174434,0.154429558691204,0.109860589652333,0.111235734274635,0.569797829128487,0.831869348284188,0.622019858370714,0.589990239479641,-0.143058178084331,-0.518813743909277,-0.104199514865192,-0.134679168588756,0.00916334134367762,0.0665774548813675,0.00652167724770852,0.0121281906221048
"marital_statusDivorced/Widowed:treatmentCIT+BUS",2.27356668065706,0.00965782933839126,0.0507801488827841,0.203780605021147,-6.47610774319911,-3.21609933919141,0.088839909233627,0.175949172630884,-0.58387670553434,-0.0569482423657486,-0.171959903852079,-0.187769146657645,-0.0780331082881006,-2.45196709657001,-2.46901834948842,-3.79312420675599,-2.47421078595905,-0.00937202091537286,-0.0104521137513704,-0.00492863799933604,-0.0107695689336725,-0.0494800559097693,-0.076712905113906,-0.330531177738382,-0.0257050357182092,6.48183077578265,3.23601413148296,6.4984196720967,3.24410673159614,10.4009453401542,4.96119363470935,6.50497533767321,3.22974677362051,-0.0866280794646121,-0.0894642169307624,0.0125249991689495,-0.0898651712029382,-0.175775834774815,-0.162758256277055,0.122315062022589,-0.114490145483206,0.579107802756174,0.57895870498523,0.93315762654176,0.589307294033988,0.0573857394673237,0.0576409252711183,0.0338927328195847,0.0586259996773515,0.155328523740917,0.165548163609094,-0.189497620327732,0.167476629255003,0.173473586987745,0.18460471865444,0.0594280085617664,0.178514544936089,0.079525900077721,0.0815217964751377,0.0451925221333171,0.0813096050065205
"marital_statusSingle:treatmentCIT+BUS",3.41694626535838,-0.118276593872759,1.24596115269573,0.140850108874418,-3.21582650601817,-9.35177769532563,-0.015626960453971,-1.33680848335069,-1.70636208661012,-0.107197127729558,-0.586524025516003,0.119359694014461,-0.00874030807033441,-3.54025396680511,-3.55203953800681,-4.84111040622645,-3.55562847249906,0.118474140383602,0.117727596356368,0.17597419945018,0.11750817607844,-1.2450625478615,-1.26388548626118,-1.7720943183264,-1.22862960920119,3.21978218061439,9.36554250214906,3.23124817784065,9.37113598641072,4.96119363470935,13.1835349486207,3.23577935591867,9.36121059805451,0.0171557441365258,0.0151954483034232,0.0340238433144883,0.0149183147023925,1.33692829188643,1.34592584760818,1.0972088655624,1.37928804446578,1.70306589227677,1.70296283812563,1.93443597435541,1.71011562822585,0.10749951918817,0.107675899802232,0.118277590155412,0.108356768510778,0.575028664124051,0.58209232647769,0.751850889826811,0.583425253112975,-0.12924057122413,-0.121546899360774,-0.440442747310251,-0.125756336422777,0.00977210344690152,0.0111516372099357,-0.0255139254826139,0.0110049736378366
"marital_statusDivorced/Widowed:treatmentVEN",2.10409013303335,0.010560621989261,0.0689535593436319,0.413583928159238,-6.51346938929967,-3.24220404737427,0.0893259667535703,0.161030644809456,-0.599345850661338,-0.0582734743721169,-0.183536554278659,-0.187836363930217,-0.0758507250400391,-2.46616357368716,-2.50077002782592,-2.50409563196804,-6.25315781509828,-0.00998055810005674,-0.0121726658221933,-0.0124990334307486,-0.0710048253482557,-0.0663149492624821,-0.121585512168339,-0.0580698417596146,1.35444308754838,6.52508459819865,3.28262221191726,6.55875267421933,3.29904658823848,6.50497533767321,3.23577935591867,13.0221335849349,6.12483350826271,-0.0848369367784467,-0.0905930335077129,-0.0837393094770269,-0.00144728844349619,-0.160678846112007,-0.134258955712397,-0.111406038532633,0.496691870324383,0.589667100596784,0.589364498483202,0.580909944417477,1.23303321914107,0.0591613987641803,0.0596793123660799,0.0599995019860868,0.0283452324969477,0.149782255058819,0.170523575365601,0.213546165340775,1.10070691443099,0.158822740563565,0.181413983528474,0.206269772996735,0.962650594120358,0.0788804279512216,0.0829312092910687,0.0756549149856276,-0.00381958943780813
"marital_statusSingle:treatmentVEN",3.33073839097802,-0.11781736906243,1.25520544701279,0.247571061001834,-3.23483130720654,-9.3650564140352,-0.0153797168901362,-1.34439711192734,-1.71423079846776,-0.107871235362335,-0.592412736607383,0.119325502509671,-0.00763019210717225,-3.54747530883219,-3.56819070898512,-3.57018141338604,-6.8657004721436,0.118164594916052,0.116852400709146,0.116657037278352,0.170909730789428,-1.25362597679433,-1.28671089854569,-1.24869046099311,-0.396308539296791,3.24178416343497,9.3892507001241,3.26193785107807,9.39908232073429,3.22974677362051,9.36121059805451,6.12483350826271,16.9554273637633,0.0180668472115606,0.014621251584003,0.0187238861753484,0.0371755871468091,1.34460769839083,1.36042262700011,1.37410236784101,1.58897858289999,1.70843710519414,1.70825596777264,1.70319507739988,2.86597939350936,0.108402746305739,0.108712769039215,0.108904434330223,0.116877561720348,0.5722074358153,0.584623176189406,0.610376469588902,0.974744809634576,-0.13669303792711,-0.123169935095081,-0.108291276250468,1.13760592449435,0.00944377023043295,0.0118685652137774,0.00751298034040635,0.0397742562156697
"edutot:treatmentBUP",-0.0789408147601134,-0.00583327666437773,0.0313716225882452,0.0110429502982829,0.0864012829583756,-0.0173272874282147,-0.107562982631903,-0.0716141222338781,-0.0261865031455986,0.00880127912745935,0.0061291232566407,0.149321104861358,-0.00537958943649864,-0.15852110103203,0.0683492127556082,0.0682604170390612,0.0680678326023483,0.000426510550029897,0.00579023408289986,0.00578151986304057,0.00577303106301613,0.0472783888658685,-0.0327769287415368,-0.0310810205020477,-0.030012792446527,0.0798026613485586,-0.0420057723888074,-0.0851921908475283,0.0188450189232107,-0.0866280794646121,0.0171557441365258,-0.0848369367784467,0.0180668472115606,0.237672642717742,0.107529151154812,0.107712149885363,0.10750742328675,0.145266686362305,0.072328943125047,0.072939130348013,0.0749446108350989,0.0471476698592785,0.0259199947817379,0.0256942528851475,0.0264807888500001,-0.0120217986661548,-0.00876374237122259,-0.0087551931075326,-0.00871036080575409,0.135595184900042,-0.00647657795588192,-0.00532784781805022,-0.00637207365196364,0.0799592695637904,-0.14949258644646,-0.148828921277109,-0.149822615330577,0.0350565273557025,0.00556864280716492,0.00537436118522593,0.00555714406889481
"edutot:treatmentCIT+BUP",-0.0643986529838955,-0.00591074199491112,0.0298122288039557,-0.00695950437194272,0.0896071489583507,-0.0150873380379383,-0.10760468944731,-0.070334018006573,-0.0248591524641577,0.00891499243173559,0.00712247322565152,0.149326872529308,-0.00556685174916675,0.0704913744888383,0.0527380527374377,0.0711296689376036,0.0712510397844393,0.00590098108086668,0.00638419005683835,0.00594336024234084,0.00594871006637218,-0.0298566295099437,-0.0572389481067151,-0.0299953724779521,-0.0306685927335736,-0.0898026016624087,0.0144072091120036,-0.110629956523023,0.00997837548327188,-0.0894642169307624,0.0151954483034232,-0.0905930335077129,0.014621251584003,0.107529151154812,0.235888905804223,0.107510681041535,0.107639704139494,0.0703280981813424,0.13860800318311,0.0694989694449022,0.0682350725839445,0.0250220197779071,0.0729385431793667,0.0251693791469883,0.024673687294881,-0.0089299338094531,-0.000669239508171609,-0.00894403683096789,-0.00897229111010564,-0.00655447921766894,-0.00307780174108629,-0.00762745421056703,-0.00696936067033383,-0.148838651336659,-0.106313583061476,-0.149637057191364,-0.149010809864095,0.00551587000345456,0.0143969611477308,0.00557014670537024,0.00545495300770345
"edutot:treatmentCIT+BUS",-0.0817138525560359,-0.00581850483796372,0.0316689826347845,0.0144758296726244,0.0857899579213284,-0.0177544222941152,-0.107555029579444,-0.0718582246898717,-0.0264396150050814,0.00877959519246329,0.00593970183147454,0.149320005027546,-0.0053438804766637,0.06904093879168,0.0678296800807431,0.0407716520149049,0.0674608283643247,0.00583880762413999,0.00576208177516676,0.00568695011889663,0.00573953091883172,-0.0315766287798434,-0.0335111508926735,-0.0212375496560956,-0.0298877382069617,-0.0853834145955721,0.0191690963802392,-0.084205000008599,0.0197439651261387,0.0125249991689495,0.0340238433144883,-0.0837393094770269,0.0187238861753484,0.107712149885363,0.107510681041535,0.172802807180677,0.107482198714917,0.0718705379778808,0.0727952591949171,0.147204474651974,0.0762240494392036,0.0261008495748047,0.0260902582138825,0.0458394124384,0.0268253841715575,-0.00874851699675372,-0.00873038952956805,-0.010868197821289,-0.00866041344269748,-0.00712113431218049,-0.00639516843318056,-0.0496375058270166,-0.00625817727930291,-0.150335509357975,-0.149544794431724,-0.144893544531547,-0.149977418122358,0.00544992295151548,0.00559170413962323,0.00612415182626441,0.00557663083292964
"edutot:treatmentVEN",-0.0623427787674998,-0.00592169352867611,0.0295917720710672,-0.00950457180812689,0.090060372994228,-0.0147706688749628,-0.10761058567978,-0.0701530453757,-0.0246715004434963,0.00893106846320336,0.00726290644462962,0.149327687923883,-0.00559332565079435,0.0706635881176754,0.0714588790030115,0.0715353047082242,0.0433521559798857,0.0059083630810623,0.00595873990626661,0.00596624015992775,0.00183416717325965,-0.0296524099665037,-0.0283822372198197,-0.0298418907731577,-0.0168825164581275,-0.0903273020974413,0.013841819079079,-0.0911010281162548,0.0134643705045089,-0.0898651712029382,0.0149183147023925,-0.00144728844349619,0.0371755871468091,0.10750742328675,0.107639704139494,0.107482198714917,0.20719536100739,0.0701449606902124,0.0695378052173592,0.0690126223522344,0.209256298834516,0.0248939277883182,0.0249008818871649,0.0250951759850546,0.0833300668542761,-0.00895147385270221,-0.00896337602463035,-0.00897073430194329,-0.0101721868797476,-0.00648719893056877,-0.00696385519022702,-0.00795255728416612,-0.0128627429895548,-0.148660925876505,-0.149180095206779,-0.149751306077812,-0.220224023687308,0.00552370005145157,0.00543060904983806,0.00559782556144414,0.0165890815765342
"emp_statusUnemployed/Retired:treatmentBUP",2.42700648046795,0.0506428562658798,0.877804703078239,0.0930776184079607,0.173864237050157,-1.33837417732582,-0.0706132532558256,-4.7267409360414,0.0631246208918411,-0.0182571665927901,-0.944451693655534,-0.249991762093621,0.0922651969640521,-3.70619714994679,-2.51627982346738,-2.51702825514531,-2.51865148989939,-0.0545380768551729,-0.051005648895193,-0.0510790983637568,-0.0511506478381341,-0.947520797108061,-0.889649594737562,-0.875355307820899,-0.866351543370391,-0.575112549005538,0.71181479192471,-0.163673172970928,1.35116666747757,-0.175775834774815,1.33692829188643,-0.160678846112007,1.34460769839083,0.145266686362305,0.0703280981813424,0.0718705379778808,0.0701449606902124,8.55483705195242,4.73276594062271,4.73790902032175,4.75481259612889,-0.277499703005441,-0.0653709376028575,-0.0672736463484356,-0.0606441775540243,0.0901509212879062,0.0185735523211424,0.0186456114250874,0.0190234890542153,1.38155360214191,0.941523105276843,0.951205396923075,0.94240393978749,-0.00977450242580163,0.248546396759999,0.254140225557101,0.245764685196546,-0.15277070950431,-0.0906717244754231,-0.0923092642797384,-0.0907686437899148
"emp_statusUnemployed/Retired:treatmentCIT+BUP",2.3602594575509,0.0509984141445472,0.884962159738285,0.175707028871666,0.15914964270977,-1.3486553140362,-0.0704218232740519,-4.73261648243615,0.0570322181448175,-0.0187790989329263,-0.949011067575761,-0.250018235094727,0.0931247116680899,-2.51408276682158,-3.38489609455775,-2.53019782547288,-2.53326208260234,-0.050751979755809,-0.0635425336885314,-0.0518219290152302,-0.0519569963469389,-0.883841172421942,-0.916562982337243,-0.880338320295883,-0.863341487681138,-0.154215036439053,1.36582657026925,-0.177904854424673,0.7592314182943,-0.162758256277055,1.34592584760818,-0.134258955712397,1.36042262700011,0.072328943125047,0.13860800318311,0.0727952591949171,0.0695378052173592,4.73276594062271,7.72505462676822,4.75369900410626,4.78560868479193,-0.0611441390905936,0.00174092618280904,-0.064864530017,-0.0523497677703143,0.0191563248021387,0.0162995357305637,0.0195123846414665,0.0202257221400702,0.934670888415607,1.09755114762424,0.961760353121713,0.945145425607596,0.237692085040382,-0.374421518768363,0.257849486065888,0.242038581821455,-0.0918375724427894,-0.145612605336745,-0.0932078996271506,-0.0902995973573263
"emp_statusUnemployed/Retired:treatmentCIT+BUS",2.30252401036897,0.0513059678334874,0.891153281722356,0.247180568139927,0.146421679016187,-1.35754838521108,-0.0702562384266878,-4.73769876601546,0.0517623561848467,-0.0192305647173094,-0.952954876312836,-0.25004113395209,0.0938681825171006,-2.51891906993407,-2.53960179576773,-3.39223295773465,-2.54590008601331,-0.0509592896578408,-0.0522694141459786,-0.0609799110787124,-0.052654479016663,-0.88957630279607,-0.922609039830335,-0.553449573019253,-0.860737822323996,-0.13947978950058,1.38170450974758,-0.119357890189819,1.39152062298121,0.122315062022589,1.0972088655624,-0.111406038532633,1.37410236784101,0.072939130348013,0.0694989694449022,0.147204474651974,0.0690126223522344,4.73790902032175,4.75369900410626,7.17808143893066,4.81224696576251,-0.0575469110888271,-0.0577277628029839,-0.0705252024700485,-0.0451751937287431,0.0197612373105903,0.0200707710464262,0.034633628463048,0.0212656406532152,0.932781445262312,0.945177602337903,0.610941265373958,0.947516780955738,0.232700992280033,0.246202765175092,-0.237237048095755,0.238815543022044,-0.0920574649434892,-0.0896364945797459,-0.126610700333304,-0.0898938773064375
"emp_statusUnemployed/Retired:treatmentVEN",2.11276698436363,0.0523167935254817,0.911501420563856,0.482090089267973,0.104589136696264,-1.38677692366651,-0.0697120166405756,-4.75440252539376,0.0344420896624174,-0.020714381138056,-0.965916851210566,-0.250116394806279,0.0963117215233096,-2.53481437412378,-2.57515305130415,-2.57902950947525,-4.40767008294504,-0.0516406476864201,-0.0541958567637006,-0.0545762839970386,-0.0872036419473492,-0.908425750348077,-0.97285134522979,-0.898814920861126,-0.799292908817174,-0.0910499812462586,1.43388996463814,-0.0518051154060164,1.45303487938884,-0.114490145483206,1.37928804446578,0.496691870324383,1.58897858289999,0.0749446108350989,0.0682350725839445,0.0762240494392036,0.209256298834516,4.75481259612889,4.78560868479193,4.81224696576251,9.28779762019539,-0.0457240306783339,-0.0460767558932577,-0.0559317247321274,-0.37415137543877,0.0217493815824355,0.0223530825426831,0.0227263084636684,-0.00511361665625083,0.926571480135591,0.95074839871832,1.00089726290167,1.11966435799533,0.21629694649969,0.242630209463026,0.271603119065468,0.0932522933254343,-0.0927801777483664,-0.0880584238194271,-0.0965399656115917,-0.11858606199987
"thous:treatmentBUP",0.117986193013407,-0.0423829946368035,0.260708623270483,0.0651013468325322,-0.580444832953186,-1.70407718898892,-0.0252214660005601,0.0653582124588631,-0.879530594183591,-0.00343444472579503,-0.150861649967939,0.0331309972539193,0.0301697241535745,-0.273504188125424,-0.18042671270991,-0.180950188826709,-0.182085529099945,0.0629940406103352,0.0421292463222979,0.0420778735066907,0.0420278296054092,-0.130052784683344,-0.268993304521432,-0.258995440951194,-0.252697931385341,1.02654953658418,2.46378908462076,0.587572776368182,1.71302464974764,0.579107802756174,1.70306589227677,0.589667100596784,1.70843710519414,0.0471476698592785,0.0250220197779071,0.0261008495748047,0.0248939277883182,-0.277499703005441,-0.0611441390905936,-0.0575469110888271,-0.0457240306783339,1.42581640059828,0.877959451240734,0.876628638268874,0.881265492484554,-0.0187467459694804,0.00365573462756337,0.00370613497942673,0.00397043420640399,0.140073847309991,0.148813305252723,0.155585397592175,0.149429387979812,-0.211418220535187,-0.0341419301881018,-0.0302294344144578,-0.0360875447448353,-0.0416796745017414,-0.0290552005234611,-0.0302005461884691,-0.0291229888706001
"thous:treatmentCIT+BUP",0.118750684837728,-0.042387067044522,0.260626644826196,0.064154944940923,-0.580276298289318,-1.70395943325066,-0.0252236585576151,0.0654255084517911,-0.879460814410845,-0.00342846673622422,-0.150809428851046,0.0331313004643402,0.0301598796401355,-0.174915347118253,-0.297005690211753,-0.180799350206419,-0.181918185626308,0.0424770462829313,0.0553082726315093,0.0420863815709471,0.0420370651760098,-0.260217344868071,-0.200567521863912,-0.258938367659665,-0.252732407274521,0.582078044045515,1.71022907997608,1.03148313710692,2.11102347837327,0.57895870498523,1.70296283812563,0.589364498483202,1.70825596777264,0.0259199947817379,0.0729385431793667,0.0260902582138825,0.0249008818871649,-0.0653709376028575,0.00174092618280904,-0.0577277628029839,-0.0460767558932577,0.877959451240734,1.26315497137373,0.87660104528182,0.881170491865947,0.00356620115143242,0.0147016678027639,0.00369620733009496,0.00395666434334649,0.145573477788812,0.176098205896991,0.155464505642732,0.149397988174931,-0.037631880111883,-0.312531397719363,-0.0302719186962928,-0.0360448675520207,-0.0296899135456614,-0.0275910801949598,-0.0301902536039294,-0.0291283611276277
"thous:treatmentCIT+BUS",0.140110210007701,-0.0425008481111055,0.25833620745533,0.0377129420552971,-0.575567522759809,-1.70066939590152,-0.0252849175222144,0.0673057253606711,-0.877511201916781,-0.00326144465090936,-0.149350396556385,0.0331397720142124,0.0298848287816474,-0.173126131946241,-0.176281745863548,-0.255193442876366,-0.177242691365317,0.0425537416457728,0.0423538527577498,0.0481583838260561,0.0422951024714109,-0.258095603934928,-0.263135489177831,-0.263411643949457,-0.253695646643826,0.57662666377169,1.70435495472915,0.579696711018767,1.70585262306276,0.93315762654176,1.93443597435541,0.580909944417477,1.70319507739988,0.0256942528851475,0.0251693791469883,0.0458394124384,0.0250951759850546,-0.0672736463484356,-0.064864530017,-0.0705252024700485,-0.0559317247321274,0.876628638268874,0.87660104528182,1.10026472349217,0.878516221356154,0.00334241066256365,0.00338963697946871,-0.00745036945951991,0.00357194114918386,0.146272486986106,0.148163798900381,0.0890361468750844,0.148520693086422,-0.035785399714763,-0.0337254012987601,0.0334124263024725,-0.0348524877971206,-0.0296085631858281,-0.0292391898336568,-0.0386008425257946,-0.0292784593439213
"thous:treatmentVEN",0.0656887800821416,-0.0421044090701521,0.266316610715155,0.129842877022691,-0.591973964631337,-1.71213263218994,-0.025071477396324,0.0607546232263521,-0.884304094008453,-0.0038433874759192,-0.154433995972204,0.0331102552131527,0.0308431683527776,-0.179360163390574,-0.190224709285599,-0.191268768254653,-0.242570108741442,0.0422865176075087,0.0415983149139158,0.0414958532214355,0.0651670082514179,-0.26548823054622,-0.282840183593092,-0.262899714874689,-0.0376133325588045,0.595620508991451,1.72482173931167,0.606190455154011,1.72997810088583,0.589307294033988,1.71011562822585,1.23303321914107,2.86597939350936,0.0264807888500001,0.024673687294881,0.0268253841715575,0.0833300668542761,-0.0606441775540243,-0.0523497677703143,-0.0451751937287431,-0.37415137543877,0.881265492484554,0.881170491865947,0.878516221356154,1.7542935646792,0.00412214748034503,0.00428474420507541,0.00438526634489732,0.00109532443981337,0.143836980410947,0.150348627790158,0.16385538295883,-0.068177506475228,-0.0422189561908384,-0.0351265336319212,-0.0273231665388286,-0.148356121213763,-0.0298920062893415,-0.0286202810903074,-0.0309046420684705,0.00214243619943753
"onsetage:treatmentBUP",0.175722563560716,0.00353958568498208,-0.0509227428031717,0.0109474904000254,-0.0576105754493499,-0.107669579587631,0.00889639478585302,-0.0184476831228381,-0.00383040570511457,-0.026919224687522,-0.122160139315286,-0.0360079536963074,-0.000547407886988626,-0.237495602477044,-0.186222607311094,-0.18631063544019,-0.186501555096184,-0.00592540535628497,-0.00358225618831616,-0.00359089507880072,-0.00359931049807411,0.0485609592965085,0.0495295847062225,0.0512108328029402,0.0522698266467019,-0.00248975604995934,0.0888542497845041,0.0588092156604093,0.109174191174434,0.0573857394673237,0.10749951918817,0.0591613987641803,0.108402746305739,-0.0120217986661548,-0.0089299338094531,-0.00874851699675372,-0.00895147385270221,0.0901509212879062,0.0191563248021387,0.0197612373105903,0.0217493815824355,-0.0187467459694804,0.00356620115143242,0.00334241066256365,0.00412214748034503,0.047735499158247,0.0269564369602799,0.0269649123205455,0.0270093570730866,0.187165103988264,0.121815688160328,0.122954488192606,0.121919289085172,0.11974337367711,0.0358379544700165,0.036495882639034,0.0355107784941219,0.00227474974693354,0.000734827000953413,0.000542224830914764,0.00072342766260415
"onsetage:treatmentCIT+BUP",0.174414110325969,0.00354655574650917,-0.0507824339637641,0.0125672887772632,-0.0578990281431369,-0.107871122457974,0.00890014742032168,-0.0185628624574379,-0.00394983611164569,-0.0269294562158947,-0.122249517497168,-0.0360084726510474,-0.00053055867415993,-0.185416185545686,-0.239834058303148,-0.186568800765657,-0.186787969028195,-0.00352892974629843,-0.00494936753094388,-0.00360545691431505,-0.00361511748494138,0.0508626115833539,0.0953018232375707,0.0511131499624668,0.0523288332799755,0.0582519714625045,0.109099281269462,0.0873854456819049,0.154429558691204,0.0576409252711183,0.107675899802232,0.0596793123660799,0.108712769039215,-0.00876374237122259,-0.000669239508171609,-0.00873038952956805,-0.00896337602463035,0.0185735523211424,0.0162995357305637,0.0200707710464262,0.0223530825426831,0.00365573462756337,0.0147016678027639,0.00338963697946871,0.00428474420507541,0.0269564369602799,0.0497318049958489,0.0269819038232253,0.0270329246526034,0.121223848952314,0.213365002152611,0.123161398792917,0.121973030897654,0.0351268557445436,0.0407325839779343,0.0365685959032236,0.0354377350563614,0.000622620161083781,0.000580990554492904,0.000524608729464946,0.00073262245954257
"onsetage:treatmentCIT+BUS",0.173605185550689,0.00355086484621923,-0.0506956908587196,0.0135686963962054,-0.0580773581929266,-0.10799572226542,0.0089024674107605,-0.0186340697538731,-0.00402367154740998,-0.0269357816515846,-0.122304773752243,-0.0360087934843301,-0.00052014198876442,-0.185483946437813,-0.186619301168951,-0.194210012935501,-0.186965038654711,-0.00353183434172636,-0.00360375213669927,-0.00397672427210611,-0.00362488983519425,0.0507822573248258,0.048968962763176,0.0366020699890475,0.0523653129387766,0.0584584253292395,0.109321745271238,0.0595629941257163,0.109860589652333,0.0338927328195847,0.118277590155412,0.0599995019860868,0.108904434330223,-0.0087551931075326,-0.00894403683096789,-0.010868197821289,-0.00897073430194329,0.0186456114250874,0.0195123846414665,0.034633628463048,0.0227263084636684,0.00370613497942673,0.00369620733009496,-0.00745036945951991,0.00438526634489732,0.0269649123205455,0.0269819038232253,0.039285197313589,0.0270474948324602,0.121197376179472,0.121877849135352,0.146400212280448,0.122006255687375,0.0350569261122877,0.0357980905921745,0.0462497116636817,0.0353925774267978,0.000619539272298871,0.000752435689266597,0.00235194584331632,0.000738306956970242
"onsetage:treatmentVEN",0.169363187531138,0.00357346174644379,-0.0502408103913963,0.0188200736146225,-0.059012520201995,-0.108649123116248,0.00891463343057798,-0.019007480508107,-0.00441086425290796,-0.0269689522089584,-0.122594537314643,-0.0360104759326756,-0.000465516935646541,-0.185839284262781,-0.187414045683833,-0.18756537679345,-0.188917469300447,-0.00354706602757581,-0.00364681755536222,-0.00366166886364632,-0.00350041256826429,0.0503608799409761,0.0478458013999905,0.0507360723012187,0.0491671407555056,0.0595410685126144,0.110488345533455,0.0610731291804263,0.111235734274635,0.0586259996773515,0.108356768510778,0.0283452324969477,0.116877561720348,-0.00871036080575409,-0.00897229111010564,-0.00866041344269748,-0.0101721868797476,0.0190234890542153,0.0202257221400702,0.0212656406532152,-0.00511361665625083,0.00397043420640399,0.00395666434334649,0.00357194114918386,0.00109532443981337,0.0270093570730866,0.0270329246526034,0.0270474948324602,0.0479830041899387,0.121058553073295,0.122002383692573,0.123960120092119,0.169253403363845,0.0346902154234784,0.0357182264913593,0.0368492854027252,-0.00850561093160864,0.000603383104848688,0.000787713292319881,0.000456606628964869,0.00257993891537185
"morethan3epi:treatmentBUP",3.29522795462552,0.0683650353575127,0.110043355857393,-0.0341944669569725,-0.154626248947589,-0.574497480766261,0.00665923829873309,-0.936884329451111,-0.144748235331349,-0.121340081420644,-4.65016935757018,-1.30347689867001,0.0780169448698154,-6.83033000727463,-3.26243108648959,-3.26215613078361,-3.26155979357483,-0.149369250267982,-0.0682317541156042,-0.0682047705564117,-0.0681784850091532,-0.141702036992345,-0.105691828998611,-0.110943204463579,-0.114250969866875,1.18077041518308,0.494324964060687,0.150882298362323,0.569797829128487,0.155328523740917,0.575028664124051,0.149782255058819,0.5722074358153,0.135595184900042,-0.00655447921766894,-0.00712113431218049,-0.00648719893056877,1.38155360214191,0.934670888415607,0.932781445262312,0.926571480135591,0.140073847309991,0.145573477788812,0.146272486986106,0.143836980410947,0.187165103988264,0.121223848952314,0.121197376179472,0.121058553073295,9.16308778215608,4.6512452501452,4.64768821025282,4.65092165283917,3.96148846497787,1.30400789095351,1.30195285347794,1.30502982453719,-0.0144688793217472,-0.0786023481417433,-0.0780007556033098,-0.0785667423285141
"morethan3epi:treatmentCIT+BUP",3.24282723074261,0.0686441712561669,0.115662421603787,0.030674956922754,-0.166178155854925,-0.582568837096755,0.00680952319803547,-0.94149701284637,-0.149531164968929,-0.121749832016937,-4.65374876056722,-1.30349768168565,0.078691719424713,-3.26968172493044,-4.82362002230421,-3.27249509405466,-3.27303005247978,-0.0686011487071694,-0.0834438666364576,-0.0687879405939427,-0.0688115206670249,-0.115466719486116,-0.0554285674854303,-0.114855191087031,-0.111887881744717,0.167039640086702,0.585566597338,-0.0985220373089343,0.831869348284188,0.165548163609094,0.58209232647769,0.170523575365601,0.584623176189406,-0.00647657795588192,-0.00307780174108629,-0.00639516843318056,-0.00696385519022702,0.941523105276843,1.09755114762424,0.945177602337903,0.95074839871832,0.148813305252723,0.176098205896991,0.148163798900381,0.150348627790158,0.121815688160328,0.213365002152611,0.121877849135352,0.122002383692573,4.6512452501452,7.7643502078284,4.65597453256637,4.65307389626831,1.30134578073799,1.83130871033693,1.30486486254196,1.30210459273532,-0.0784670104842498,-0.0636918269966657,-0.0787062423898844,-0.0781985105853115
"morethan3epi:treatmentCIT+BUS",3.13413526587866,0.0692231676333273,0.127317743351633,0.165230066444437,-0.190139646587181,-0.599310811513732,0.00712125097170257,-0.951064850547364,-0.159452135169196,-0.122599755340797,-4.66117332106866,-1.30354079076199,0.080091367497818,-3.27878648316185,-3.29261203664069,-4.31705459205015,-3.29682218521181,-0.0689914274992707,-0.069867191957029,-0.0774815344142347,-0.0701245920214736,-0.12626359765267,-0.148344626821289,-0.367010269634809,-0.106986256879422,0.194780014859434,0.615458189490248,0.208230678821914,0.622019858370714,-0.189497620327732,0.751850889826811,0.213546165340775,0.610376469588902,-0.00532784781805022,-0.00762745421056703,-0.0496375058270166,-0.00795255728416612,0.951205396923075,0.961760353121713,0.610941265373958,1.00089726290167,0.155585397592175,0.155464505642732,0.0890361468750844,0.16385538295883,0.122954488192606,0.123161398792917,0.146400212280448,0.123960120092119,4.64768821025282,4.65597453256637,6.96167397489351,4.65753817748134,1.29194961762815,1.30097499874672,1.8806679049678,1.29603694388111,-0.0788809771048702,-0.0772626577641893,-0.0816259058289687,-0.0774347075549679
"morethan3epi:treatmentVEN",3.23293911363354,0.068696844735667,0.116722750088335,0.0429159416380418,-0.168358022846608,-0.584091917518378,0.00683788224680243,-0.942367435050868,-0.150433712965911,-0.121827152740419,-4.65442420077859,-1.30350160348057,0.0788190506775401,-3.27051001905278,-3.27410099168251,-3.27444607625557,-6.60575540835948,-0.0686366538377125,-0.0688641200438732,-0.0688979858986315,-0.102362476237404,-0.116448952127296,-0.122184156255093,-0.115593390466649,-0.55867901609938,0.169563286381488,0.588285947973973,0.173056887286143,0.589990239479641,0.167476629255003,0.583425253112975,1.10070691443099,0.974744809634576,-0.00637207365196364,-0.00696936067033383,-0.00625817727930291,-0.0128627429895548,0.94240393978749,0.945145425607596,0.947516780955738,1.11966435799533,0.149429387979812,0.149397988174931,0.148520693086422,-0.068177506475228,0.121919289085172,0.121973030897654,0.122006255687375,0.169253403363845,4.65092165283917,4.65307389626831,4.65753817748134,9.16878869585595,1.30049097641715,1.30283517888393,1.305414364238,3.38384891667009,-0.0785046705857034,-0.078084337290009,-0.0788393690997396,-0.129220793321293
"chronicTRUE:treatmentBUP",1.75869736679108,0.0494438061445401,0.801437507313378,-0.0903270131071388,-0.171618480296318,0.130643728237271,0.149115379583375,-0.243539040270808,0.0398118142622117,-0.0354338917250576,-1.29850373723288,-5.49203343324232,0.0409366608296598,-5.54494047850361,-1.67206220614607,-1.67133589192426,-1.66976062657675,-0.161845031890305,-0.0490917346675977,-0.0490204557584126,-0.0489510206952854,0.362838476915964,-0.789942652777297,-0.803814518686235,-0.812552206257593,1.17950035851502,-0.012227251010757,0.161728579862623,-0.143058178084331,0.173473586987745,-0.12924057122413,0.158822740563565,-0.13669303792711,0.0799592695637904,-0.148838651336659,-0.150335509357975,-0.148660925876505,-0.00977450242580163,0.237692085040382,0.232700992280033,0.21629694649969,-0.211418220535187,-0.037631880111883,-0.035785399714763,-0.0422189561908384,0.11974337367711,0.0351268557445436,0.0350569261122877,0.0346902154234784,3.96148846497787,1.30134578073799,1.29194961762815,1.30049097641715,12.5732262852001,5.49343608551971,5.48800756408011,5.49613559267461,0.0837378368707993,-0.0424830434383703,-0.0408938957796974,-0.0423889882579719
"chronicTRUE:treatmentCIT+BUP",1.70162301148164,0.0497478382318639,0.807557738698603,-0.0196718718632386,-0.184200704175591,0.121852485962356,0.149279068424002,-0.248563129854363,0.0346022941386877,-0.0358801880619808,-1.30240238792528,-5.49205606989942,0.0416716186669986,-1.68440120510893,-2.39170070373919,-1.68259698947286,-1.68225392025136,-0.0497754286233758,-0.0792107639158426,-0.0496556388524902,-0.0496405169347197,-0.807683242606949,-1.05512585614642,-0.808075416207641,-0.809978353815918,0.18364823372022,-0.123774951753944,-0.375635833860253,-0.518813743909277,0.18460471865444,-0.121546899360774,0.181413983528474,-0.123169935095081,-0.14949258644646,-0.106313583061476,-0.149544794431724,-0.149180095206779,0.248546396759999,-0.374421518768363,0.246202765175092,0.242630209463026,-0.0341419301881018,-0.312531397719363,-0.0337254012987601,-0.0351265336319212,0.0358379544700165,0.0407325839779343,0.0357980905921745,0.0357182264913593,1.30400789095351,1.83130871033693,1.30097499874672,1.30283517888393,5.49343608551971,9.58460615763998,5.49117929583624,5.49294945884188,-0.0418157246715953,-0.0514427955257739,-0.0416623050790236,-0.0419879138492532
"chronicTRUE:treatmentCIT+BUS",1.63882752201649,0.0500823464997736,0.814291462161474,0.0580657417039495,-0.19804417034837,0.11218000944173,0.149459165436249,-0.254090834246396,0.0288705716468285,-0.0363712211498129,-1.30669183941634,-5.49208097565536,0.0424802486879908,-1.68966137084721,-1.6945199963655,-2.36426567640025,-1.69599954185457,-0.0500009075519107,-0.0503086718341139,-0.0764629248461476,-0.0503991282866122,-0.813921010504633,-0.821680804855945,-0.978705030871013,-0.807146498370339,0.199674905185596,-0.106505440043092,0.204401785687423,-0.104199514865192,0.0594280085617664,-0.440442747310251,0.206269772996735,-0.108291276250468,-0.148828921277109,-0.149637057191364,-0.144893544531547,-0.149751306077812,0.254140225557101,0.257849486065888,-0.237237048095755,0.271603119065468,-0.0302294344144578,-0.0302719186962928,0.0334124263024725,-0.0273231665388286,0.036495882639034,0.0365685959032236,0.0462497116636817,0.0368492854027252,1.30195285347794,1.30486486254196,1.8806679049678,1.305414364238,5.48800756408011,5.49117929583624,8.47614921758476,5.48944394691025,-0.0420548889612156,-0.0414861733826736,-0.026131834430801,-0.0415466357363273
"chronicTRUE:treatmentVEN",1.73285009145033,0.0495814932201257,0.804209177793144,-0.0583294043725386,-0.177316594681384,0.126662436491873,0.149189509383194,-0.245814300781398,0.037452577783834,-0.0356360060413996,-1.30026931999518,-5.49204368471,0.041269501340648,-1.68178541824978,-1.67690473087311,-1.67643570754898,-4.64882134473752,-0.0496633019628056,-0.049354140196482,-0.0493081112603525,-0.0589065935828023,-0.804581311582505,-0.796786281857868,-0.805744152246478,-1.05887637305224,0.175678455066642,-0.132362772755217,0.1709301109291,-0.134679168588756,0.178514544936089,-0.125756336422777,0.962650594120358,1.13760592449435,-0.149822615330577,-0.149010809864095,-0.149977418122358,-0.220224023687308,0.245764685196546,0.242038581821455,0.238815543022044,0.0932522933254343,-0.0360875447448353,-0.0360448675520207,-0.0348524877971206,-0.148356121213763,0.0355107784941219,0.0354377350563614,0.0353925774267978,-0.00850561093160864,1.30502982453719,1.30210459273532,1.29603694388111,3.38384891667009,5.49613559267461,5.49294945884188,5.48944394691025,12.7750780624321,-0.0416967925243783,-0.0422680905045691,-0.0412418854613395,-0.259574321909949
"baseline_hrsd:treatmentBUP",0.0463150390307462,-0.000177179797198849,-0.115964292757988,-0.00397953589455563,-0.0794441696693657,-0.0097102845789082,-0.00550367819113885,0.0915799732217708,0.0297859548726198,-0.000636147240783907,0.0785922223533621,0.0418775213024534,-0.0438005972816463,-0.158178160090535,-0.0424981550260856,-0.0424661558110444,-0.0423967543686826,-0.00299204236602197,0.00019269100510604,0.000195831338964873,0.00019889043852492,0.0713791384017478,0.11647072139606,0.115859568802721,0.115474612629262,0.0941772980074848,0.105865449575064,0.079008450470694,0.00916334134367762,0.079525900077721,0.00977210344690152,0.0788804279512216,0.00944377023043295,0.0350565273557025,0.00551587000345456,0.00544992295151548,0.00552370005145157,-0.15277070950431,-0.0918375724427894,-0.0920574649434892,-0.0927801777483664,-0.0416796745017414,-0.0296899135456614,-0.0296085631858281,-0.0298920062893415,0.00227474974693354,0.000622620161083781,0.000619539272298871,0.000603383104848688,-0.0144688793217472,-0.0784670104842498,-0.0788809771048702,-0.0785046705857034,0.0837378368707993,-0.0418157246715953,-0.0420548889612156,-0.0416967925243783,0.098664837709671,0.0437324683256852,0.0438024813808267,0.0437366121133916
"baseline_hrsd:treatmentCIT+BUP",0.0360811739074174,-0.000122664536220979,-0.114866888815702,0.0086894672302224,-0.0817002579148469,-0.0112866210477173,-0.00547432753955301,0.090679115824663,0.0288518483722066,-0.000716171561555435,0.0778931646919526,0.0418734623780117,-0.0436688137627982,-0.0436883972139371,-0.103474509604269,-0.0444853560775799,-0.0446368967534555,0.000134851775166917,-0.000142470776677925,8.1938188912313e-05,7.5258529252193e-05,0.114922326453077,0.117833685305219,0.115095557535278,0.115936123908586,0.0819442953888102,0.0121358134180908,0.120207791706954,0.0665774548813675,0.0815217964751377,0.0111516372099357,0.0829312092910687,0.0118685652137774,0.00556864280716492,0.0143969611477308,0.00559170413962323,0.00543060904983806,-0.0906717244754231,-0.145612605336745,-0.0896364945797459,-0.0880584238194271,-0.0290552005234611,-0.0275910801949598,-0.0292391898336568,-0.0286202810903074,0.000734827000953413,0.000580990554492904,0.000752435689266597,0.000787713292319881,-0.0786023481417433,-0.0636918269966657,-0.0772626577641893,-0.078084337290009,-0.0424830434383703,-0.0514427955257739,-0.0414861733826736,-0.0422680905045691,0.0437324683256852,0.0730681506554248,0.0436646997609348,0.0438085277991841
"baseline_hrsd:treatmentCIT+BUS",0.054463952011737,-0.00022058862783039,-0.116838121865848,-0.0140674745937259,-0.0776477157813862,-0.00845509618642039,-0.00552704921497262,0.0922972983427143,0.0305297552349572,-0.000572426328062122,0.0791488605328643,0.0418807532995214,-0.0439055324566247,-0.0421485340743663,-0.0409714442958957,-0.0493138527471029,-0.0406129976806125,0.000200858571925082,0.000275420027504644,-0.0017884955202342,0.000297334736763773,0.11674837326163,0.118628323584941,0.128875612551433,0.115107125349565,0.0772526408160355,0.00708032926700924,0.0761074686471158,0.00652167724770852,0.0451925221333171,-0.0255139254826139,0.0756549149856276,0.00751298034040635,0.00537436118522593,0.00557014670537024,0.00612415182626441,0.00559782556144414,-0.0923092642797384,-0.0932078996271506,-0.126610700333304,-0.0965399656115917,-0.0302005461884691,-0.0301902536039294,-0.0386008425257946,-0.0309046420684705,0.000542224830914764,0.000524608729464946,0.00235194584331632,0.000456606628964869,-0.0780007556033098,-0.0787062423898844,-0.0816259058289687,-0.0788393690997396,-0.0408938957796974,-0.0416623050790236,-0.026131834430801,-0.0412418854613395,0.0438024813808267,0.0436646997609348,0.0703459520597955,0.0436793478580561
"baseline_hrsd:treatmentVEN",0.0371691757059874,-0.000128460264548333,-0.114983558074929,0.00734257648857802,-0.0814604044441166,-0.0111190346184898,-0.0054774479208879,0.0907748894601855,0.0289511568485504,-0.000707663866380679,0.0779674842167612,0.0418738938979742,-0.0436828241785894,-0.0435972589835838,-0.0442116458569892,-0.0442706870844684,0.0435243016794074,0.000138758448749303,9.9840788934449e-05,9.40466103746662e-05,0.00251861141215866,0.115030402729726,0.114049154890843,0.115176782529265,0.0271593011928009,0.081666615454663,0.0118365998923765,0.0822643427998853,0.0121281906221048,0.0813096050065205,0.0110049736378366,-0.00381958943780813,0.0397742562156697,0.00555714406889481,0.00545495300770345,0.00557663083292964,0.0165890815765342,-0.0907686437899148,-0.0902995973573263,-0.0898938773064375,-0.11858606199987,-0.0291229888706001,-0.0291283611276277,-0.0292784593439213,0.00214243619943753,0.00072342766260415,0.00073262245954257,0.000738306956970242,0.00257993891537185,-0.0785667423285141,-0.0781985105853115,-0.0774347075549679,-0.129220793321293,-0.0423889882579719,-0.0419879138492532,-0.0415466357363273,-0.259574321909949,0.0437366121133916,0.0438085277991841,0.0436793478580561,0.0859706669714075
